{
  "train_loss": [
    0.5020589027553797,
    0.24774126708507538,
    0.09072849492076784,
    0.03734686877578497,
    0.028702337411232293,
    0.014672666584374383,
    0.008295775696751662,
    0.00931589312676806,
    0.007459436070348602,
    0.007826516208297107
  ],
  "train_acc": [
    0.7718940936863544,
    0.924643584521385,
    0.9816700610997964,
    0.9938900203665988,
    0.9979633401221996,
    0.9979633401221996,
    0.9979633401221996,
    0.9979633401221996,
    0.9979633401221996,
    0.9979633401221996
  ],
  "test_loss": [
    0.1939976029098034,
    0.05932229198515415,
    0.04864141996949911,
    0.04434387944638729,
    0.04324728948995471,
    0.059649692731909454,
    0.054212360293604434,
    0.05235206335783005,
    0.04518122458830476,
    0.043781410437077284
  ],
  "test_acc": [
    0.9586776859504132,
    0.9834710743801653,
    0.9752066115702479,
    0.9917355371900827,
    0.9752066115702479,
    0.9752066115702479,
    0.9752066115702479,
    0.9752066115702479,
    0.9752066115702479,
    0.9752066115702479
  ]
}