{
  "train_loss": [
    0.49754432775080204,
    0.2004731255583465,
    0.07753130793571472,
    0.0373402961413376,
    0.019765290344366804,
    0.017443395219743252,
    0.010303920062142424,
    0.007829323294572532,
    0.01108103263686644,
    0.0058371754184918245
  ],
  "train_acc": [
    0.7820773930753564,
    0.9409368635437881,
    0.9816700610997964,
    0.9898167006109979,
    0.9959266802443992,
    0.9959266802443992,
    0.9979633401221996,
    0.9979633401221996,
    0.9979633401221996,
    0.9979633401221996
  ],
  "test_loss": [
    0.19878612831234932,
    0.0683150440454483,
    0.04486460145562887,
    0.04318936122581363,
    0.048543323297053576,
    0.048188070533797145,
    0.049643523641861975,
    0.06325169384945184,
    0.06440554780419916,
    0.06395794823765755
  ],
  "test_acc": [
    0.9586776859504132,
    0.9752066115702479,
    0.9834710743801653,
    0.9834710743801653,
    0.9917355371900827,
    0.9834710743801653,
    0.9834710743801653,
    0.9834710743801653,
    0.9834710743801653,
    0.9834710743801653
  ]
}